HG01871	mode_1
HG01872	mode_1
HG01873	mode_1
HG01974	mode_1
HG02008	mode_1
HG02070	mode_1
HG02075	mode_1
HG02086	mode_1
HG02496	mode_1
HG03433	mode_1
NA12815	mode_1
NA12873	mode_1
NA18974	mode_1
NA19379	mode_1
NA19393	mode_1
NA19397	mode_1
HG00105	mode_2
HG00146	mode_2
HG00360	mode_2
HG00362	mode_2
HG00593	mode_2
HG01080	mode_2
HG01247	mode_2
HG01260	mode_2
HG01341	mode_2
HG01464	mode_2
HG01486	mode_2
HG01489	mode_2
HG01578	mode_2
HG01598	mode_2
HG01773	mode_2
HG01889	mode_2
HG01890	mode_2
HG01926	mode_2
HG01933	mode_2
HG01948	mode_2
HG01950	mode_2
HG01979	mode_2
HG02025	mode_2
HG02026	mode_2
HG02040	mode_2
HG02144	mode_2
HG02152	mode_2
HG02308	mode_2
HG02332	mode_2
HG02343	mode_2
HG02408	mode_2
HG02419	mode_2
HG02427	mode_2
HG02465	mode_2
HG02603	mode_2
HG02611	mode_2
HG02621	mode_2
HG02624	mode_2
HG02643	mode_2
HG02666	mode_2
HG02676	mode_2
HG02684	mode_2
HG02727	mode_2
HG02756	mode_2
HG02757	mode_2
HG02768	mode_2
HG02772	mode_2
HG02808	mode_2
HG03040	mode_2
HG03049	mode_2
HG03084	mode_2
HG03109	mode_2
HG03451	mode_2
HG03472	mode_2
HG03616	mode_2
HG03680	mode_2
HG03727	mode_2
HG03757	mode_2
HG03789	mode_2
HG03869	mode_2
HG03874	mode_2
HG04107	mode_2
HG04180	mode_2
NA18488	mode_2
NA18560	mode_2
NA18622	mode_2
NA18868	mode_2
NA18873	mode_2
NA18881	mode_2
NA18966	mode_2
NA18990	mode_2
NA19024	mode_2
NA19030	mode_2
NA19057	mode_2
NA19067	mode_2
NA19093	mode_2
NA19175	mode_2
NA19213	mode_2
NA19222	mode_2
NA19257	mode_2
NA19657	mode_2
NA19681	mode_2
NA19713	mode_2
NA19717	mode_2
NA19818	mode_2
NA19900	mode_2
NA19914	mode_2
NA19921	mode_2
NA19923	mode_2
NA20357	mode_2
NA20359	mode_2
NA20850	mode_2
NA20888	mode_2
NA20889	mode_2
HG00140	mode_3
HG00141	mode_3
HG00190	mode_3
HG00276	mode_3
HG00280	mode_3
HG00407	mode_3
HG00445	mode_3
HG00458	mode_3
HG00525	mode_3
HG00536	mode_3
HG00583	mode_3
HG00584	mode_3
HG00632	mode_3
HG00844	mode_3
HG00881	mode_3
HG01811	mode_3
HG01958	mode_3
HG01985	mode_3
HG02012	mode_3
HG02150	mode_3
HG02260	mode_3
HG02353	mode_3
HG02386	mode_3
HG02392	mode_3
HG02554	mode_3
HG02555	mode_3
HG02651	mode_3
HG02881	mode_3
HG02982	mode_3
HG03073	mode_3
HG03074	mode_3
HG03175	mode_3
HG03521	mode_3
HG03917	mode_3
HG03951	mode_3
HG03965	mode_3
HG04202	mode_3
NA12383	mode_3
NA12828	mode_3
NA18536	mode_3
NA18545	mode_3
NA18549	mode_3
NA18562	mode_3
NA18563	mode_3
NA18566	mode_3
NA18593	mode_3
NA18595	mode_3
NA18623	mode_3
NA18633	mode_3
NA18864	mode_3
NA18915	mode_3
NA18949	mode_3
NA19006	mode_3
NA20274	mode_3
NA20320	mode_3
