HG00099	mode_1
HG00350	mode_1
HG01524	mode_1
HG01761	mode_1
HG02010	mode_1
HG02014	mode_1
HG02282	mode_1
HG02317	mode_1
HG02546	mode_1
HG02623	mode_1
HG02816	mode_1
HG03163	mode_1
HG03198	mode_1
HG03240	mode_1
HG03279	mode_1
HG03301	mode_1
NA11832	mode_1
NA18486	mode_1
NA18520	mode_1
NA19020	mode_1
NA19096	mode_1
NA19102	mode_1
NA19117	mode_1
NA19149	mode_1
NA19152	mode_1
NA19307	mode_1
NA19308	mode_1
NA19309	mode_1
NA19332	mode_1
NA19375	mode_1
NA19383	mode_1
NA19390	mode_1
NA19391	mode_1
NA19428	mode_1
NA19901	mode_1
NA19923	mode_1
NA20339	mode_1
HG00097	mode_2
HG00119	mode_2
HG00122	mode_2
HG00159	mode_2
HG00185	mode_2
HG00311	mode_2
HG00362	mode_2
HG00364	mode_2
HG00739	mode_2
HG01079	mode_2
HG01102	mode_2
HG01167	mode_2
HG01260	mode_2
HG01357	mode_2
HG01369	mode_2
HG01440	mode_2
HG01488	mode_2
HG01501	mode_2
HG01531	mode_2
HG01771	mode_2
HG01777	mode_2
HG01779	mode_2
HG01890	mode_2
HG01912	mode_2
HG01956	mode_2
HG02008	mode_2
HG02054	mode_2
HG02281	mode_2
HG02309	mode_2
HG02323	mode_2
HG02332	mode_2
HG02339	mode_2
HG02455	mode_2
HG02461	mode_2
HG02462	mode_2
HG02561	mode_2
HG02562	mode_2
HG02585	mode_2
HG02586	mode_2
HG02589	mode_2
HG02594	mode_2
HG02595	mode_2
HG02610	mode_2
HG02611	mode_2
HG02624	mode_2
HG02628	mode_2
HG02629	mode_2
HG02634	mode_2
HG02635	mode_2
HG02642	mode_2
HG02658	mode_2
HG02666	mode_2
HG02675	mode_2
HG02676	mode_2
HG02679	mode_2
HG02703	mode_2
HG02715	mode_2
HG02756	mode_2
HG02771	mode_2
HG02772	mode_2
HG02799	mode_2
HG02807	mode_2
HG02810	mode_2
HG02922	mode_2
HG02938	mode_2
HG02947	mode_2
HG02974	mode_2
HG03039	mode_2
HG03045	mode_2
HG03046	mode_2
HG03048	mode_2
HG03049	mode_2
HG03058	mode_2
HG03072	mode_2
HG03078	mode_2
HG03084	mode_2
HG03091	mode_2
HG03096	mode_2
HG03097	mode_2
HG03099	mode_2
HG03100	mode_2
HG03108	mode_2
HG03114	mode_2
HG03121	mode_2
HG03123	mode_2
HG03124	mode_2
HG03126	mode_2
HG03132	mode_2
HG03135	mode_2
HG03136	mode_2
HG03172	mode_2
HG03258	mode_2
HG03380	mode_2
HG03401	mode_2
HG03451	mode_2
HG03460	mode_2
HG03464	mode_2
HG03520	mode_2
HG03578	mode_2
HG03986	mode_2
HG04214	mode_2
HG04222	mode_2
NA11843	mode_2
NA12234	mode_2
NA12283	mode_2
NA18488	mode_2
NA18489	mode_2
NA18510	mode_2
NA18519	mode_2
NA18523	mode_2
NA18867	mode_2
NA18873	mode_2
NA18877	mode_2
NA18910	mode_2
NA19019	mode_2
NA19023	mode_2
NA19024	mode_2
NA19030	mode_2
NA19130	mode_2
NA19137	mode_2
NA19147	mode_2
NA19213	mode_2
NA19235	mode_2
NA19247	mode_2
NA19248	mode_2
NA19334	mode_2
NA19346	mode_2
NA19350	mode_2
NA19378	mode_2
NA19451	mode_2
NA19454	mode_2
NA19456	mode_2
NA19463	mode_2
NA19472	mode_2
NA19473	mode_2
NA19658	mode_2
NA19679	mode_2
NA19701	mode_2
NA19711	mode_2
NA19723	mode_2
NA19819	mode_2
NA19834	mode_2
NA19900	mode_2
NA19914	mode_2
NA19917	mode_2
NA19920	mode_2
NA19921	mode_2
NA20538	mode_2
NA20888	mode_2
NA21124	mode_2
HG00110	mode_3
HG00111	mode_3
HG00136	mode_3
HG00171	mode_3
HG00178	mode_3
HG00250	mode_3
HG00252	mode_3
HG00260	mode_3
HG00278	mode_3
HG00282	mode_3
HG00290	mode_3
HG00309	mode_3
HG00319	mode_3
HG00321	mode_3
HG00325	mode_3
HG00335	mode_3
HG00357	mode_3
HG01051	mode_3
HG01060	mode_3
HG01070	mode_3
HG01072	mode_3
HG01083	mode_3
HG01375	mode_3
HG01390	mode_3
HG01392	mode_3
HG01396	mode_3
HG01686	mode_3
HG01767	mode_3
HG01882	mode_3
HG01896	mode_3
HG01915	mode_3
HG02013	mode_3
HG02051	mode_3
HG02215	mode_3
HG02549	mode_3
HG02554	mode_3
HG02555	mode_3
HG02568	mode_3
HG02681	mode_3
HG02760	mode_3
HG02981	mode_3
HG02983	mode_3
HG03054	mode_3
HG03060	mode_3
HG03064	mode_3
HG03073	mode_3
HG03074	mode_3
HG03082	mode_3
HG03112	mode_3
HG03127	mode_3
HG03139	mode_3
HG03166	mode_3
HG03175	mode_3
HG03190	mode_3
HG03297	mode_3
HG03303	mode_3
HG03304	mode_3
HG03354	mode_3
HG04096	mode_3
HG04098	mode_3
HG04211	mode_3
NA18603	mode_3
NA18635	mode_3
NA18865	mode_3
NA18916	mode_3
NA19225	mode_3
NA19320	mode_3
NA19430	mode_3
NA19435	mode_3
NA19457	mode_3
NA20321	mode_3
NA20755	mode_3
NA20767	mode_3
